mode,iteration,ticks,microseconds
compiled,0,757,75.700
compiled,1,45,4.500
compiled,2,64,6.400
compiled,3,39,3.900
compiled,4,38,3.800
compiled,5,37,3.700
compiled,6,60,6.000
compiled,7,37,3.700
compiled,8,37,3.700
compiled,9,36,3.600
compiled,10,51,5.100
compiled,11,37,3.700
compiled,12,38,3.800
compiled,13,36,3.600
compiled,14,69,6.900
compiled,15,38,3.800
compiled,16,37,3.700
compiled,17,88,8.800
compiled,18,38,3.800
compiled,19,37,3.700
compiled,20,38,3.800
compiled,21,60,6.000
compiled,22,38,3.800
compiled,23,38,3.800
compiled,24,37,3.700
compiled,25,79,7.900
compiled,26,39,3.900
compiled,27,37,3.700
compiled,28,36,3.600
compiled,29,61,6.100
compiled,30,38,3.800
compiled,31,37,3.700
compiled,32,36,3.600
compiled,33,63,6.300
compiled,34,38,3.800
compiled,35,37,3.700
compiled,36,62,6.200
compiled,37,38,3.800
compiled,38,37,3.700
compiled,39,36,3.600
compiled,40,53,5.300
compiled,41,39,3.900
compiled,42,38,3.800
compiled,43,37,3.700
compiled,44,65,6.500
compiled,45,38,3.800
compiled,46,36,3.600
compiled,47,35,3.500
compiled,48,86,8.600
compiled,49,38,3.800
compiled,50,37,3.700
compiled,51,60,6.000
compiled,52,37,3.700
compiled,53,38,3.800
compiled,54,37,3.700
compiled,55,60,6.000
compiled,56,39,3.900
compiled,57,37,3.700
compiled,58,36,3.600
compiled,59,61,6.100
compiled,60,38,3.800
compiled,61,37,3.700
compiled,62,37,3.700
compiled,63,58,5.800
compiled,64,37,3.700
compiled,65,36,3.600
compiled,66,38,3.800
compiled,67,58,5.800
compiled,68,37,3.700
compiled,69,36,3.600
compiled,70,53,5.300
compiled,71,37,3.700
compiled,72,37,3.700
compiled,73,37,3.700
compiled,74,62,6.200
compiled,75,38,3.800
compiled,76,37,3.700
compiled,77,37,3.700
compiled,78,84,8.400
compiled,79,37,3.700
compiled,80,36,3.600
compiled,81,37,3.700
compiled,82,57,5.700
compiled,83,37,3.700
compiled,84,37,3.700
compiled,85,59,5.900
compiled,86,37,3.700
compiled,87,36,3.600
compiled,88,37,3.700
compiled,89,60,6.000
compiled,90,39,3.900
compiled,91,37,3.700
compiled,92,38,3.800
compiled,93,56,5.600
compiled,94,37,3.700
compiled,95,36,3.600
compiled,96,37,3.700
compiled,97,59,5.900
compiled,98,38,3.800
compiled,99,36,3.600
compiled,100,53,5.300
compiled,101,39,3.900
compiled,102,37,3.700
compiled,103,36,3.600
compiled,104,64,6.400
compiled,105,38,3.800
compiled,106,37,3.700
compiled,107,37,3.700
compiled,108,66,6.600
compiled,109,37,3.700
compiled,110,37,3.700
compiled,111,37,3.700
compiled,112,60,6.000
compiled,113,38,3.800
compiled,114,37,3.700
compiled,115,58,5.800
compiled,116,37,3.700
compiled,117,38,3.800
compiled,118,37,3.700
compiled,119,60,6.000
compiled,120,39,3.900
compiled,121,457,45.700
compiled,122,496,49.600
compiled,123,78,7.800
compiled,124,37,3.700
compiled,125,37,3.700
compiled,126,36,3.600
compiled,127,56,5.600
compiled,128,35,3.500
compiled,129,35,3.500
compiled,130,35,3.500
compiled,131,52,5.200
compiled,132,36,3.600
compiled,133,34,3.400
compiled,134,71,7.100
compiled,135,35,3.500
compiled,136,35,3.500
compiled,137,34,3.400
compiled,138,62,6.200
compiled,139,35,3.500
compiled,140,35,3.500
compiled,141,35,3.500
compiled,142,82,8.200
compiled,143,35,3.500
compiled,144,34,3.400
compiled,145,34,3.400
compiled,146,74,7.400
compiled,147,35,3.500
compiled,148,35,3.500
compiled,149,57,5.700
compiled,150,37,3.700
compiled,151,35,3.500
compiled,152,35,3.500
compiled,153,56,5.600
compiled,154,36,3.600
compiled,155,35,3.500
compiled,156,34,3.400
compiled,157,56,5.600
compiled,158,35,3.500
compiled,159,34,3.400
compiled,160,34,3.400
compiled,161,48,4.800
compiled,162,35,3.500
compiled,163,33,3.300
compiled,164,58,5.800
compiled,165,36,3.600
compiled,166,33,3.300
compiled,167,34,3.400
compiled,168,80,8.000
compiled,169,36,3.600
compiled,170,34,3.400
compiled,171,33,3.300
compiled,172,54,5.400
compiled,173,36,3.600
compiled,174,35,3.500
compiled,175,36,3.600
compiled,176,56,5.600
compiled,177,35,3.500
compiled,178,35,3.500
compiled,179,35,3.500
compiled,180,55,5.500
compiled,181,35,3.500
compiled,182,35,3.500
compiled,183,57,5.700
compiled,184,35,3.500
compiled,185,35,3.500
compiled,186,34,3.400
compiled,187,56,5.600
compiled,188,35,3.500
compiled,189,35,3.500
compiled,190,37,3.700
compiled,191,48,4.800
compiled,192,35,3.500
compiled,193,34,3.400
compiled,194,33,3.300
compiled,195,81,8.100
compiled,196,35,3.500
compiled,197,35,3.500
compiled,198,83,8.300
compiled,199,35,3.500
compiled,200,34,3.400
compiled,201,35,3.500
compiled,202,55,5.500
compiled,203,35,3.500
compiled,204,34,3.400
compiled,205,34,3.400
compiled,206,56,5.600
compiled,207,34,3.400
compiled,208,35,3.500
compiled,209,34,3.400
compiled,210,60,6.000
compiled,211,36,3.600
compiled,212,34,3.400
compiled,213,56,5.600
compiled,214,36,3.600
compiled,215,35,3.500
compiled,216,34,3.400
compiled,217,57,5.700
compiled,218,35,3.500
compiled,219,35,3.500
compiled,220,35,3.500
compiled,221,48,4.800
compiled,222,35,3.500
compiled,223,35,3.500
compiled,224,35,3.500
compiled,225,59,5.900
compiled,226,35,3.500
compiled,227,35,3.500
compiled,228,60,6.000
compiled,229,36,3.600
compiled,230,35,3.500
compiled,231,34,3.400
compiled,232,58,5.800
compiled,233,36,3.600
compiled,234,35,3.500
compiled,235,34,3.400
compiled,236,54,5.400
compiled,237,35,3.500
compiled,238,35,3.500
compiled,239,35,3.500
compiled,240,56,5.600
compiled,241,34,3.400
compiled,242,35,3.500
compiled,243,34,3.400
compiled,244,55,5.500
compiled,245,35,3.500
compiled,246,36,3.600
compiled,247,55,5.500
compiled,248,34,3.400
compiled,249,34,3.400
compiled,250,35,3.500
compiled,251,48,4.800
compiled,252,35,3.500
compiled,253,35,3.500
compiled,254,34,3.400
compiled,255,61,6.100
compiled,256,35,3.500
compiled,257,34,3.400
compiled,258,34,3.400
compiled,259,63,6.300
compiled,260,35,3.500
compiled,261,34,3.400
compiled,262,55,5.500
compiled,263,38,3.800
compiled,264,34,3.400
compiled,265,35,3.500
compiled,266,57,5.700
compiled,267,36,3.600
compiled,268,34,3.400
compiled,269,34,3.400
compiled,270,54,5.400
compiled,271,36,3.600
compiled,272,34,3.400
compiled,273,34,3.400
compiled,274,57,5.700
compiled,275,35,3.500
compiled,276,34,3.400
compiled,277,56,5.600
compiled,278,35,3.500
compiled,279,35,3.500
compiled,280,35,3.500
compiled,281,48,4.800
compiled,282,35,3.500
compiled,283,35,3.500
compiled,284,35,3.500
compiled,285,59,5.900
compiled,286,37,3.700
compiled,287,34,3.400
compiled,288,34,3.400
compiled,289,61,6.100
compiled,290,34,3.400
compiled,291,34,3.400
compiled,292,35,3.500
compiled,293,56,5.600
compiled,294,35,3.500
compiled,295,34,3.400
compiled,296,58,5.800
compiled,297,35,3.500
compiled,298,35,3.500
compiled,299,34,3.400
compiled,300,77,7.700
compiled,301,35,3.500
compiled,302,35,3.500
compiled,303,34,3.400
compiled,304,52,5.200
compiled,305,36,3.600
compiled,306,34,3.400
compiled,307,35,3.500
compiled,308,56,5.600
compiled,309,34,3.400
compiled,310,35,3.500
compiled,311,47,4.700
compiled,312,35,3.500
compiled,313,34,3.400
compiled,314,34,3.400
compiled,315,59,5.900
compiled,316,34,3.400
compiled,317,34,3.400
compiled,318,35,3.500
compiled,319,63,6.300
compiled,320,35,3.500
compiled,321,35,3.500
compiled,322,34,3.400
compiled,323,57,5.700
compiled,324,34,3.400
compiled,325,34,3.400
compiled,326,55,5.500
compiled,327,35,3.500
compiled,328,33,3.300
compiled,329,34,3.400
compiled,330,55,5.500
compiled,331,34,3.400
compiled,332,34,3.400
compiled,333,35,3.500
compiled,334,55,5.500
compiled,335,35,3.500
compiled,336,35,3.500
compiled,337,34,3.400
compiled,338,57,5.700
compiled,339,35,3.500
compiled,340,35,3.500
compiled,341,34,3.400
compiled,342,76,7.600
compiled,343,73,7.300
compiled,344,36,3.600
compiled,345,61,6.100
compiled,346,35,3.500
compiled,347,34,3.400
compiled,348,35,3.500
compiled,349,83,8.300
compiled,350,35,3.500
compiled,351,34,3.400
compiled,352,34,3.400
compiled,353,56,5.600
compiled,354,34,3.400
compiled,355,34,3.400
compiled,356,35,3.500
compiled,357,56,5.600
compiled,358,35,3.500
compiled,359,34,3.400
compiled,360,75,7.500
compiled,361,35,3.500
compiled,362,34,3.400
compiled,363,34,3.400
compiled,364,73,7.300
compiled,365,35,3.500
compiled,366,34,3.400
compiled,367,34,3.400
compiled,368,57,5.700
compiled,369,35,3.500
compiled,370,36,3.600
compiled,371,35,3.500
compiled,372,49,4.900
compiled,373,35,3.500
compiled,374,35,3.500
compiled,375,80,8.000
compiled,376,34,3.400
compiled,377,34,3.400
compiled,378,34,3.400
compiled,379,62,6.200
compiled,380,37,3.700
compiled,381,36,3.600
compiled,382,35,3.500
compiled,383,77,7.700
compiled,384,35,3.500
compiled,385,35,3.500
compiled,386,34,3.400
compiled,387,56,5.600
compiled,388,35,3.500
compiled,389,34,3.400
compiled,390,55,5.500
compiled,391,34,3.400
compiled,392,36,3.600
compiled,393,35,3.500
compiled,394,56,5.600
compiled,395,35,3.500
compiled,396,34,3.400
compiled,397,35,3.500
compiled,398,56,5.600
compiled,399,36,3.600
compiled,400,34,3.400
compiled,401,34,3.400
compiled,402,47,4.700
compiled,403,33,3.300
compiled,404,34,3.400
compiled,405,58,5.800
compiled,406,35,3.500
compiled,407,35,3.500
compiled,408,34,3.400
compiled,409,64,6.400
compiled,410,36,3.600
compiled,411,35,3.500
compiled,412,35,3.500
compiled,413,54,5.400
compiled,414,37,3.700
compiled,415,35,3.500
compiled,416,34,3.400
compiled,417,73,7.300
compiled,418,35,3.500
compiled,419,34,3.400
compiled,420,34,3.400
compiled,421,74,7.400
compiled,422,35,3.500
compiled,423,34,3.400
compiled,424,74,7.400
compiled,425,36,3.600
compiled,426,36,3.600
compiled,427,35,3.500
compiled,428,55,5.500
compiled,429,34,3.400
compiled,430,33,3.300
compiled,431,35,3.500
compiled,432,49,4.900
compiled,433,35,3.500
compiled,434,35,3.500
compiled,435,34,3.400
compiled,436,59,5.900
compiled,437,35,3.500
compiled,438,34,3.400
compiled,439,64,6.400
compiled,440,36,3.600
compiled,441,35,3.500
compiled,442,35,3.500
compiled,443,56,5.600
compiled,444,36,3.600
compiled,445,34,3.400
compiled,446,35,3.500
compiled,447,55,5.500
compiled,448,36,3.600
compiled,449,35,3.500
compiled,450,34,3.400
compiled,451,56,5.600
compiled,452,34,3.400
compiled,453,35,3.500
compiled,454,34,3.400
compiled,455,57,5.700
compiled,456,35,3.500
compiled,457,34,3.400
compiled,458,76,7.600
compiled,459,35,3.500
compiled,460,35,3.500
compiled,461,34,3.400
compiled,462,48,4.800
compiled,463,36,3.600
compiled,464,34,3.400
compiled,465,35,3.500
compiled,466,60,6.000
compiled,467,35,3.500
compiled,468,34,3.400
compiled,469,35,3.500
compiled,470,63,6.300
compiled,471,36,3.600
compiled,472,34,3.400
compiled,473,56,5.600
compiled,474,36,3.600
compiled,475,35,3.500
compiled,476,34,3.400
compiled,477,74,7.400
compiled,478,35,3.500
compiled,479,35,3.500
compiled,480,35,3.500
compiled,481,56,5.600
compiled,482,35,3.500
compiled,483,36,3.600
compiled,484,36,3.600
compiled,485,57,5.700
compiled,486,34,3.400
compiled,487,34,3.400
compiled,488,55,5.500
compiled,489,34,3.400
compiled,490,36,3.600
compiled,491,33,3.300
compiled,492,48,4.800
compiled,493,36,3.600
compiled,494,34,3.400
compiled,495,34,3.400
compiled,496,61,6.100
compiled,497,35,3.500
compiled,498,34,3.400
compiled,499,34,3.400
compiled,500,65,6.500
compiled,501,35,3.500
compiled,502,35,3.500
compiled,503,73,7.300
compiled,504,35,3.500
compiled,505,34,3.400
compiled,506,35,3.500
compiled,507,53,5.300
compiled,508,35,3.500
compiled,509,33,3.300
compiled,510,33,3.300
compiled,511,56,5.600
compiled,512,35,3.500
compiled,513,36,3.600
compiled,514,34,3.400
compiled,515,53,5.300
compiled,516,35,3.500
compiled,517,34,3.400
compiled,518,35,3.500
compiled,519,58,5.800
compiled,520,35,3.500
compiled,521,35,3.500
compiled,522,47,4.700
compiled,523,36,3.600
compiled,524,34,3.400
compiled,525,35,3.500
compiled,526,61,6.100
compiled,527,35,3.500
compiled,528,35,3.500
compiled,529,34,3.400
compiled,530,62,6.200
compiled,531,35,3.500
compiled,532,35,3.500
compiled,533,34,3.400
compiled,534,56,5.600
compiled,535,35,3.500
compiled,536,35,3.500
compiled,537,56,5.600
compiled,538,36,3.600
compiled,539,34,3.400
compiled,540,34,3.400
compiled,541,55,5.500
compiled,542,36,3.600
compiled,543,34,3.400
compiled,544,35,3.500
compiled,545,55,5.500
compiled,546,37,3.700
compiled,547,34,3.400
compiled,548,34,3.400
compiled,549,56,5.600
compiled,550,35,3.500
compiled,551,35,3.500
compiled,552,35,3.500
compiled,553,50,5.000
compiled,554,34,3.400
compiled,555,33,3.300
compiled,556,59,5.900
compiled,557,35,3.500
compiled,558,35,3.500
compiled,559,35,3.500
compiled,560,61,6.100
compiled,561,35,3.500
compiled,562,35,3.500
compiled,563,36,3.600
compiled,564,73,7.300
compiled,565,35,3.500
compiled,566,35,3.500
compiled,567,34,3.400
compiled,568,74,7.400
compiled,569,35,3.500
compiled,570,34,3.400
compiled,571,55,5.500
compiled,572,34,3.400
compiled,573,34,3.400
compiled,574,34,3.400
compiled,575,73,7.300
compiled,576,34,3.400
compiled,577,33,3.300
compiled,578,35,3.500
compiled,579,119,11.900
compiled,580,53,5.300
compiled,581,35,3.500
compiled,582,35,3.500
compiled,583,49,4.900
compiled,584,35,3.500
compiled,585,36,3.600
compiled,586,80,8.000
compiled,587,36,3.600
compiled,588,36,3.600
compiled,589,36,3.600
compiled,590,86,8.600
compiled,591,36,3.600
compiled,592,36,3.600
compiled,593,36,3.600
compiled,594,56,5.600
compiled,595,36,3.600
compiled,596,36,3.600
compiled,597,35,3.500
compiled,598,58,5.800
compiled,599,35,3.500
compiled,600,34,3.400
compiled,601,55,5.500
compiled,602,34,3.400
compiled,603,35,3.500
compiled,604,35,3.500
compiled,605,55,5.500
compiled,606,35,3.500
compiled,607,34,3.400
compiled,608,34,3.400
compiled,609,72,7.200
compiled,610,36,3.600
compiled,611,35,3.500
compiled,612,34,3.400
compiled,613,50,5.000
compiled,614,35,3.500
compiled,615,35,3.500
compiled,616,61,6.100
compiled,617,36,3.600
compiled,618,36,3.600
compiled,619,34,3.400
compiled,620,64,6.400
compiled,621,36,3.600
compiled,622,35,3.500
compiled,623,34,3.400
compiled,624,55,5.500
compiled,625,36,3.600
compiled,626,35,3.500
compiled,627,35,3.500
compiled,628,53,5.300
compiled,629,35,3.500
compiled,630,34,3.400
compiled,631,35,3.500
compiled,632,57,5.700
compiled,633,35,3.500
compiled,634,35,3.500
compiled,635,55,5.500
compiled,636,36,3.600
compiled,637,35,3.500
compiled,638,35,3.500
compiled,639,55,5.500
compiled,640,36,3.600
compiled,641,35,3.500
compiled,642,35,3.500
compiled,643,48,4.800
compiled,644,35,3.500
compiled,645,34,3.400
compiled,646,35,3.500
compiled,647,61,6.100
compiled,648,34,3.400
compiled,649,35,3.500
compiled,650,61,6.100
compiled,651,35,3.500
compiled,652,34,3.400
compiled,653,35,3.500
compiled,654,55,5.500
compiled,655,36,3.600
compiled,656,35,3.500
compiled,657,35,3.500
compiled,658,75,7.500
compiled,659,36,3.600
compiled,660,35,3.500
compiled,661,35,3.500
compiled,662,58,5.800
compiled,663,35,3.500
compiled,664,35,3.500
compiled,665,35,3.500
compiled,666,57,5.700
compiled,667,36,3.600
compiled,668,34,3.400
compiled,669,75,7.500
compiled,670,35,3.500
compiled,671,35,3.500
compiled,672,35,3.500
compiled,673,51,5.100
compiled,674,35,3.500
compiled,675,34,3.400
compiled,676,35,3.500
compiled,677,58,5.800
compiled,678,34,3.400
compiled,679,35,3.500
compiled,680,34,3.400
compiled,681,82,8.200
compiled,682,36,3.600
compiled,683,35,3.500
compiled,684,57,5.700
compiled,685,35,3.500
compiled,686,36,3.600
compiled,687,35,3.500
compiled,688,55,5.500
compiled,689,35,3.500
compiled,690,34,3.400
compiled,691,34,3.400
compiled,692,72,7.200
compiled,693,36,3.600
compiled,694,36,3.600
compiled,695,35,3.500
compiled,696,57,5.700
compiled,697,36,3.600
compiled,698,35,3.500
compiled,699,55,5.500
compiled,700,35,3.500
compiled,701,34,3.400
compiled,702,34,3.400
compiled,703,48,4.800
compiled,704,37,3.700
compiled,705,36,3.600
compiled,706,35,3.500
compiled,707,62,6.200
compiled,708,35,3.500
compiled,709,34,3.400
compiled,710,35,3.500
compiled,711,64,6.400
compiled,712,35,3.500
compiled,713,36,3.600
compiled,714,56,5.600
compiled,715,36,3.600
compiled,716,35,3.500
compiled,717,35,3.500
compiled,718,55,5.500
compiled,719,35,3.500
compiled,720,35,3.500
compiled,721,35,3.500
compiled,722,56,5.600
compiled,723,37,3.700
compiled,724,34,3.400
compiled,725,34,3.400
compiled,726,82,8.200
compiled,727,35,3.500
compiled,728,36,3.600
compiled,729,36,3.600
compiled,730,168,16.800
compiled,731,38,3.800
compiled,732,37,3.700
compiled,733,53,5.300
compiled,734,38,3.800
compiled,735,38,3.800
compiled,736,36,3.600
compiled,737,66,6.600
compiled,738,37,3.700
compiled,739,37,3.700
compiled,740,36,3.600
compiled,741,66,6.600
compiled,742,38,3.800
compiled,743,37,3.700
compiled,744,38,3.800
compiled,745,61,6.100
compiled,746,37,3.700
compiled,747,37,3.700
compiled,748,61,6.100
compiled,749,38,3.800
compiled,750,36,3.600
compiled,751,37,3.700
compiled,752,58,5.800
compiled,753,36,3.600
compiled,754,38,3.800
compiled,755,36,3.600
compiled,756,125,12.500
compiled,757,37,3.700
compiled,758,37,3.700
compiled,759,37,3.700
compiled,760,87,8.700
compiled,761,38,3.800
compiled,762,36,3.600
compiled,763,38,3.800
compiled,764,50,5.000
compiled,765,37,3.700
compiled,766,36,3.600
compiled,767,63,6.300
compiled,768,39,3.900
compiled,769,37,3.700
compiled,770,37,3.700
compiled,771,66,6.600
compiled,772,37,3.700
compiled,773,36,3.600
compiled,774,37,3.700
compiled,775,82,8.200
compiled,776,40,4.000
compiled,777,40,4.000
compiled,778,40,4.000
compiled,779,62,6.200
compiled,780,40,4.000
compiled,781,37,3.700
compiled,782,60,6.000
compiled,783,38,3.800
compiled,784,38,3.800
compiled,785,40,4.000
compiled,786,62,6.200
compiled,787,39,3.900
compiled,788,38,3.800
compiled,789,39,3.900
compiled,790,172,17.200
compiled,791,39,3.900
compiled,792,39,3.900
compiled,793,39,3.900
compiled,794,55,5.500
compiled,795,39,3.900
compiled,796,38,3.800
compiled,797,68,6.800
compiled,798,41,4.100
compiled,799,40,4.000
compiled,800,39,3.900
compiled,801,92,9.200
compiled,802,39,3.900
compiled,803,110,11.000
compiled,804,51,5.100
compiled,805,59,5.900
compiled,806,37,3.700
compiled,807,37,3.700
compiled,808,37,3.700
compiled,809,58,5.800
compiled,810,39,3.900
compiled,811,38,3.800
compiled,812,62,6.200
compiled,813,38,3.800
compiled,814,38,3.800
compiled,815,38,3.800
compiled,816,479,47.900
compiled,817,99,9.900
compiled,818,46,4.600
compiled,819,41,4.100
compiled,820,83,8.300
compiled,821,41,4.100
compiled,822,41,4.100
compiled,823,39,3.900
compiled,824,44,4.400
compiled,825,40,4.000
compiled,826,312,31.200
compiled,827,73,7.300
compiled,828,41,4.100
compiled,829,40,4.000
compiled,830,39,3.900
compiled,831,72,7.200
compiled,832,41,4.100
compiled,833,40,4.000
compiled,834,39,3.900
compiled,835,72,7.200
compiled,836,42,4.200
compiled,837,39,3.900
compiled,838,51,5.100
compiled,839,63,6.300
compiled,840,39,3.900
compiled,841,38,3.800
compiled,842,38,3.800
compiled,843,62,6.200
compiled,844,39,3.900
compiled,845,38,3.800
compiled,846,61,6.100
compiled,847,39,3.900
compiled,848,38,3.800
compiled,849,38,3.800
compiled,850,62,6.200
compiled,851,39,3.900
compiled,852,39,3.900
compiled,853,39,3.900
compiled,854,76,7.600
compiled,855,38,3.800
compiled,856,37,3.700
compiled,857,37,3.700
compiled,858,68,6.800
compiled,859,38,3.800
compiled,860,38,3.800
compiled,861,71,7.100
compiled,862,39,3.900
compiled,863,39,3.900
compiled,864,38,3.800
compiled,865,60,6.000
compiled,866,39,3.900
compiled,867,39,3.900
compiled,868,38,3.800
compiled,869,82,8.200
compiled,870,39,3.900
compiled,871,37,3.700
compiled,872,38,3.800
compiled,873,60,6.000
compiled,874,39,3.900
compiled,875,38,3.800
compiled,876,61,6.100
compiled,877,39,3.900
compiled,878,39,3.900
compiled,879,38,3.800
compiled,880,62,6.200
compiled,881,39,3.900
compiled,882,37,3.700
compiled,883,37,3.700
compiled,884,54,5.400
compiled,885,40,4.000
compiled,886,38,3.800
compiled,887,38,3.800
compiled,888,85,8.500
compiled,889,39,3.900
compiled,890,38,3.800
compiled,891,92,9.200
compiled,892,39,3.900
compiled,893,37,3.700
compiled,894,37,3.700
compiled,895,60,6.000
compiled,896,37,3.700
compiled,897,37,3.700
compiled,898,36,3.600
compiled,899,187,18.700
compiled,900,39,3.900
compiled,901,38,3.800
compiled,902,38,3.800
compiled,903,62,6.200
compiled,904,40,4.000
compiled,905,39,3.900
compiled,906,38,3.800
compiled,907,65,6.500
compiled,908,40,4.000
compiled,909,40,4.000
compiled,910,63,6.300
compiled,911,40,4.000
compiled,912,39,3.900
compiled,913,39,3.900
compiled,914,57,5.700
compiled,915,41,4.100
compiled,916,40,4.000
compiled,917,40,4.000
compiled,918,68,6.800
compiled,919,41,4.100
compiled,920,39,3.900
compiled,921,39,3.900
compiled,922,71,7.100
compiled,923,39,3.900
compiled,924,38,3.800
compiled,925,65,6.500
compiled,926,41,4.100
compiled,927,49,4.900
compiled,928,37,3.700
compiled,929,59,5.900
compiled,930,37,3.700
compiled,931,36,3.600
compiled,932,37,3.700
compiled,933,59,5.900
compiled,934,39,3.900
compiled,935,36,3.600
compiled,936,36,3.600
compiled,937,61,6.100
compiled,938,38,3.800
compiled,939,37,3.700
compiled,940,59,5.900
compiled,941,38,3.800
compiled,942,38,3.800
compiled,943,36,3.600
compiled,944,68,6.800
compiled,945,38,3.800
compiled,946,37,3.700
compiled,947,37,3.700
compiled,948,80,8.000
compiled,949,38,3.800
compiled,950,37,3.700
compiled,951,37,3.700
compiled,952,66,6.600
compiled,953,37,3.700
compiled,954,37,3.700
compiled,955,37,3.700
compiled,956,59,5.900
compiled,957,36,3.600
compiled,958,37,3.700
compiled,959,80,8.000
compiled,960,38,3.800
compiled,961,38,3.800
compiled,962,37,3.700
compiled,963,58,5.800
compiled,964,38,3.800
compiled,965,37,3.700
compiled,966,36,3.600
compiled,967,58,5.800
compiled,968,37,3.700
compiled,969,37,3.700
compiled,970,36,3.600
compiled,971,77,7.700
compiled,972,38,3.800
compiled,973,36,3.600
compiled,974,53,5.300
compiled,975,39,3.900
compiled,976,36,3.600
compiled,977,37,3.700
compiled,978,64,6.400
compiled,979,37,3.700
compiled,980,38,3.800
compiled,981,37,3.700
compiled,982,64,6.400
compiled,983,37,3.700
compiled,984,36,3.600
compiled,985,37,3.700
compiled,986,58,5.800
compiled,987,37,3.700
compiled,988,36,3.600
compiled,989,80,8.000
compiled,990,38,3.800
compiled,991,36,3.600
compiled,992,35,3.500
compiled,993,59,5.900
compiled,994,38,3.800
compiled,995,37,3.700
compiled,996,37,3.700
compiled,997,75,7.500
compiled,998,38,3.800
compiled,999,38,3.800
interpreted,0,71,7.100
interpreted,1,54,5.400
interpreted,2,79,7.900
interpreted,3,56,5.600
interpreted,4,53,5.300
interpreted,5,81,8.100
interpreted,6,54,5.400
interpreted,7,53,5.300
interpreted,8,77,7.700
interpreted,9,54,5.400
interpreted,10,90,9.000
interpreted,11,53,5.300
interpreted,12,53,5.300
interpreted,13,72,7.200
interpreted,14,52,5.200
interpreted,15,52,5.200
interpreted,16,91,9.100
interpreted,17,53,5.300
interpreted,18,52,5.200
interpreted,19,76,7.600
interpreted,20,52,5.200
interpreted,21,67,6.700
interpreted,22,52,5.200
interpreted,23,53,5.300
interpreted,24,78,7.800
interpreted,25,55,5.500
interpreted,26,54,5.400
interpreted,27,103,10.300
interpreted,28,54,5.400
interpreted,29,73,7.300
interpreted,30,55,5.500
interpreted,31,53,5.300
interpreted,32,77,7.700
interpreted,33,54,5.400
interpreted,34,53,5.300
interpreted,35,74,7.400
interpreted,36,53,5.300
interpreted,37,74,7.400
interpreted,38,54,5.400
interpreted,39,52,5.200
interpreted,40,92,9.200
interpreted,41,54,5.400
interpreted,42,53,5.300
interpreted,43,65,6.500
interpreted,44,55,5.500
interpreted,45,76,7.600
interpreted,46,53,5.300
interpreted,47,53,5.300
interpreted,48,82,8.200
interpreted,49,54,5.400
interpreted,50,54,5.400
interpreted,51,73,7.300
interpreted,52,54,5.400
interpreted,53,55,5.500
interpreted,54,75,7.500
interpreted,55,54,5.400
interpreted,56,74,7.400
interpreted,57,53,5.300
interpreted,58,53,5.300
interpreted,59,75,7.500
interpreted,60,53,5.300
interpreted,61,54,5.400
interpreted,62,75,7.500
interpreted,63,53,5.300
interpreted,64,69,6.900
interpreted,65,55,5.500
interpreted,66,54,5.400
interpreted,67,78,7.800
interpreted,68,54,5.400
interpreted,69,53,5.300
interpreted,70,84,8.400
interpreted,71,53,5.300
interpreted,72,72,7.200
interpreted,73,54,5.400
interpreted,74,54,5.400
interpreted,75,73,7.300
interpreted,76,55,5.500
interpreted,77,54,5.400
interpreted,78,74,7.400
interpreted,79,53,5.300
interpreted,80,54,5.400
interpreted,81,99,9.900
interpreted,82,56,5.600
interpreted,83,73,7.300
interpreted,84,56,5.600
interpreted,85,54,5.400
interpreted,86,126,12.600
interpreted,87,77,7.700
interpreted,88,55,5.500
interpreted,89,80,8.000
interpreted,90,54,5.400
interpreted,91,81,8.100
interpreted,92,55,5.500
interpreted,93,52,5.200
interpreted,94,72,7.200
interpreted,95,54,5.400
interpreted,96,55,5.500
interpreted,97,76,7.600
interpreted,98,53,5.300
interpreted,99,74,7.400
interpreted,100,54,5.400
interpreted,101,55,5.500
interpreted,102,74,7.400
interpreted,103,55,5.500
interpreted,104,55,5.500
interpreted,105,75,7.500
interpreted,106,53,5.300
interpreted,107,54,5.400
interpreted,108,68,6.800
interpreted,109,54,5.400
interpreted,110,81,8.100
interpreted,111,55,5.500
interpreted,112,53,5.300
interpreted,113,82,8.200
interpreted,114,53,5.300
interpreted,115,53,5.300
interpreted,116,74,7.400
interpreted,117,53,5.300
interpreted,118,74,7.400
interpreted,119,54,5.400
interpreted,120,53,5.300
interpreted,121,73,7.300
interpreted,122,54,5.400
interpreted,123,55,5.500
interpreted,124,74,7.400
interpreted,125,54,5.400
interpreted,126,73,7.300
interpreted,127,55,5.500
interpreted,128,53,5.300
interpreted,129,67,6.700
interpreted,130,53,5.300
interpreted,131,53,5.300
interpreted,132,81,8.100
interpreted,133,54,5.400
interpreted,134,100,10.000
interpreted,135,53,5.300
interpreted,136,54,5.400
interpreted,137,88,8.800
interpreted,138,54,5.400
interpreted,139,53,5.300
interpreted,140,92,9.200
interpreted,141,54,5.400
interpreted,142,53,5.300
interpreted,143,73,7.300
interpreted,144,54,5.400
interpreted,145,76,7.600
interpreted,146,54,5.400
interpreted,147,52,5.200
interpreted,148,72,7.200
interpreted,149,53,5.300
interpreted,150,52,5.200
interpreted,151,69,6.900
interpreted,152,54,5.400
interpreted,153,82,8.200
interpreted,154,53,5.300
interpreted,155,54,5.400
interpreted,156,99,9.900
interpreted,157,53,5.300
interpreted,158,54,5.400
interpreted,159,95,9.500
interpreted,160,53,5.300
interpreted,161,74,7.400
interpreted,162,55,5.500
interpreted,163,53,5.300
interpreted,164,73,7.300
interpreted,165,52,5.200
interpreted,166,53,5.300
interpreted,167,75,7.500
interpreted,168,54,5.400
interpreted,169,74,7.400
interpreted,170,55,5.500
interpreted,171,53,5.300
interpreted,172,67,6.700
interpreted,173,54,5.400
interpreted,174,53,5.300
interpreted,175,82,8.200
interpreted,176,53,5.300
interpreted,177,81,8.100
interpreted,178,55,5.500
interpreted,179,54,5.400
interpreted,180,76,7.600
interpreted,181,54,5.400
interpreted,182,52,5.200
interpreted,183,74,7.400
interpreted,184,54,5.400
interpreted,185,54,5.400
interpreted,186,73,7.300
interpreted,187,54,5.400
interpreted,188,75,7.500
interpreted,189,55,5.500
interpreted,190,54,5.400
interpreted,191,72,7.200
interpreted,192,54,5.400
interpreted,193,55,5.500
interpreted,194,68,6.800
interpreted,195,54,5.400
interpreted,196,81,8.100
interpreted,197,54,5.400
interpreted,198,54,5.400
interpreted,199,119,11.900
interpreted,200,53,5.300
interpreted,201,52,5.200
interpreted,202,75,7.500
interpreted,203,54,5.400
interpreted,204,73,7.300
interpreted,205,54,5.400
interpreted,206,54,5.400
interpreted,207,73,7.300
interpreted,208,54,5.400
interpreted,209,53,5.300
interpreted,210,74,7.400
interpreted,211,53,5.300
interpreted,212,54,5.400
interpreted,213,74,7.400
interpreted,214,54,5.400
interpreted,215,66,6.600
interpreted,216,55,5.500
interpreted,217,53,5.300
interpreted,218,81,8.100
interpreted,219,52,5.200
interpreted,220,53,5.300
interpreted,221,115,11.500
interpreted,222,52,5.200
interpreted,223,73,7.300
interpreted,224,53,5.300
interpreted,225,53,5.300
interpreted,226,78,7.800
interpreted,227,53,5.300
interpreted,228,51,5.100
interpreted,229,75,7.500
interpreted,230,52,5.200
interpreted,231,75,7.500
interpreted,232,54,5.400
interpreted,233,53,5.300
interpreted,234,92,9.200
interpreted,235,53,5.300
interpreted,236,53,5.300
interpreted,237,67,6.700
interpreted,238,54,5.400
interpreted,239,96,9.600
interpreted,240,57,5.700
interpreted,241,54,5.400
interpreted,242,83,8.300
interpreted,243,86,8.600
interpreted,244,97,9.700
interpreted,245,73,7.300
interpreted,246,54,5.400
interpreted,247,54,5.400
interpreted,248,74,7.400
interpreted,249,54,5.400
interpreted,250,75,7.500
interpreted,251,54,5.400
interpreted,252,53,5.300
interpreted,253,75,7.500
interpreted,254,55,5.500
interpreted,255,53,5.300
interpreted,256,74,7.400
interpreted,257,52,5.200
interpreted,258,67,6.700
interpreted,259,53,5.300
interpreted,260,54,5.400
interpreted,261,78,7.800
interpreted,262,54,5.400
interpreted,263,54,5.400
interpreted,264,80,8.000
interpreted,265,53,5.300
interpreted,266,74,7.400
interpreted,267,55,5.500
interpreted,268,54,5.400
interpreted,269,73,7.300
interpreted,270,55,5.500
interpreted,271,52,5.200
interpreted,272,90,9.000
interpreted,273,55,5.500
interpreted,274,54,5.400
interpreted,275,77,7.700
interpreted,276,53,5.300
interpreted,277,92,9.200
interpreted,278,54,5.400
interpreted,279,53,5.300
interpreted,280,67,6.700
interpreted,281,55,5.500
interpreted,282,55,5.500
interpreted,283,100,10.000
interpreted,284,54,5.400
interpreted,285,100,10.000
interpreted,286,55,5.500
interpreted,287,53,5.300
interpreted,288,73,7.300
interpreted,289,53,5.300
interpreted,290,53,5.300
interpreted,291,74,7.400
interpreted,292,54,5.400
interpreted,293,75,7.500
interpreted,294,55,5.500
interpreted,295,54,5.400
interpreted,296,77,7.700
interpreted,297,54,5.400
interpreted,298,54,5.400
interpreted,299,77,7.700
interpreted,300,232,23.200
interpreted,301,85,8.500
interpreted,302,55,5.500
interpreted,303,76,7.600
interpreted,304,107,10.700
interpreted,305,56,5.600
interpreted,306,55,5.500
interpreted,307,104,10.400
interpreted,308,56,5.600
interpreted,309,55,5.500
interpreted,310,78,7.800
interpreted,311,55,5.500
interpreted,312,96,9.600
interpreted,313,57,5.700
interpreted,314,56,5.600
interpreted,315,77,7.700
interpreted,316,55,5.500
interpreted,317,56,5.600
interpreted,318,81,8.100
interpreted,319,58,5.800
interpreted,320,78,7.800
interpreted,321,57,5.700
interpreted,322,56,5.600
interpreted,323,69,6.900
interpreted,324,56,5.600
interpreted,325,57,5.700
interpreted,326,97,9.700
interpreted,327,54,5.400
interpreted,328,102,10.200
interpreted,329,55,5.500
interpreted,330,53,5.300
interpreted,331,75,7.500
interpreted,332,55,5.500
interpreted,333,55,5.500
interpreted,334,75,7.500
interpreted,335,53,5.300
interpreted,336,76,7.600
interpreted,337,55,5.500
interpreted,338,54,5.400
interpreted,339,94,9.400
interpreted,340,56,5.600
interpreted,341,56,5.600
interpreted,342,78,7.800
interpreted,343,54,5.400
interpreted,344,54,5.400
interpreted,345,69,6.900
interpreted,346,54,5.400
interpreted,347,78,7.800
interpreted,348,55,5.500
interpreted,349,55,5.500
interpreted,350,99,9.900
interpreted,351,55,5.500
interpreted,352,54,5.400
interpreted,353,94,9.400
interpreted,354,53,5.300
interpreted,355,75,7.500
interpreted,356,55,5.500
interpreted,357,55,5.500
interpreted,358,91,9.100
interpreted,359,55,5.500
interpreted,360,53,5.300
interpreted,361,75,7.500
interpreted,362,55,5.500
interpreted,363,90,9.000
interpreted,364,54,5.400
interpreted,365,55,5.500
interpreted,366,67,6.700
interpreted,367,55,5.500
interpreted,368,54,5.400
interpreted,369,79,7.900
interpreted,370,54,5.400
interpreted,371,84,8.400
interpreted,372,55,5.500
interpreted,373,56,5.600
interpreted,374,74,7.400
interpreted,375,55,5.500
interpreted,376,54,5.400
interpreted,377,75,7.500
interpreted,378,54,5.400
interpreted,379,54,5.400
interpreted,380,76,7.600
interpreted,381,55,5.500
interpreted,382,74,7.400
interpreted,383,55,5.500
interpreted,384,53,5.300
interpreted,385,76,7.600
interpreted,386,53,5.300
interpreted,387,55,5.500
interpreted,388,67,6.700
interpreted,389,55,5.500
interpreted,390,81,8.100
interpreted,391,55,5.500
interpreted,392,53,5.300
interpreted,393,100,10.000
interpreted,394,557,55.700
interpreted,395,60,6.000
interpreted,396,81,8.100
interpreted,397,56,5.600
interpreted,398,76,7.600
interpreted,399,57,5.700
interpreted,400,56,5.600
interpreted,401,78,7.800
interpreted,402,56,5.600
interpreted,403,58,5.800
interpreted,404,76,7.600
interpreted,405,56,5.600
interpreted,406,55,5.500
interpreted,407,81,8.100
interpreted,408,57,5.700
interpreted,409,71,7.100
interpreted,410,57,5.700
interpreted,411,57,5.700
interpreted,412,82,8.200
interpreted,413,57,5.700
interpreted,414,58,5.800
interpreted,415,86,8.600
interpreted,416,60,6.000
interpreted,417,78,7.800
interpreted,418,58,5.800
interpreted,419,57,5.700
interpreted,420,78,7.800
interpreted,421,57,5.700
interpreted,422,66,6.600
interpreted,423,95,9.500
interpreted,424,54,5.400
interpreted,425,74,7.400
interpreted,426,58,5.800
interpreted,427,54,5.400
interpreted,428,75,7.500
interpreted,429,56,5.600
interpreted,430,54,5.400
interpreted,431,69,6.900
interpreted,432,55,5.500
interpreted,433,99,9.900
interpreted,434,56,5.600
interpreted,435,55,5.500
interpreted,436,82,8.200
interpreted,437,56,5.600
interpreted,438,54,5.400
interpreted,439,95,9.500
interpreted,440,54,5.400
interpreted,441,54,5.400
interpreted,442,77,7.700
interpreted,443,55,5.500
interpreted,444,74,7.400
interpreted,445,55,5.500
interpreted,446,54,5.400
interpreted,447,94,9.400
interpreted,448,56,5.600
interpreted,449,54,5.400
interpreted,450,78,7.800
interpreted,451,55,5.500
interpreted,452,72,7.200
interpreted,453,55,5.500
interpreted,454,55,5.500
interpreted,455,81,8.100
interpreted,456,56,5.600
interpreted,457,55,5.500
interpreted,458,101,10.100
interpreted,459,54,5.400
interpreted,460,76,7.600
interpreted,461,54,5.400
interpreted,462,57,5.700
interpreted,463,146,14.600
interpreted,464,62,6.200
interpreted,465,54,5.400
interpreted,466,96,9.600
interpreted,467,55,5.500
interpreted,468,96,9.600
interpreted,469,57,5.700
interpreted,470,56,5.600
interpreted,471,75,7.500
interpreted,472,54,5.400
interpreted,473,55,5.500
interpreted,474,69,6.900
interpreted,475,56,5.600
interpreted,476,54,5.400
interpreted,477,83,8.300
interpreted,478,55,5.500
interpreted,479,83,8.300
interpreted,480,54,5.400
interpreted,481,55,5.500
interpreted,482,76,7.600
interpreted,483,54,5.400
interpreted,484,53,5.300
interpreted,485,73,7.300
interpreted,486,55,5.500
interpreted,487,74,7.400
interpreted,488,55,5.500
interpreted,489,53,5.300
interpreted,490,73,7.300
interpreted,491,62,6.200
interpreted,492,55,5.500
interpreted,493,75,7.500
interpreted,494,55,5.500
interpreted,495,68,6.800
interpreted,496,56,5.600
interpreted,497,54,5.400
interpreted,498,79,7.900
interpreted,499,55,5.500
interpreted,500,54,5.400
interpreted,501,83,8.300
interpreted,502,53,5.300
interpreted,503,92,9.200
interpreted,504,55,5.500
interpreted,505,53,5.300
interpreted,506,74,7.400
interpreted,507,54,5.400
interpreted,508,55,5.500
interpreted,509,73,7.300
interpreted,510,54,5.400
interpreted,511,54,5.400
interpreted,512,73,7.300
interpreted,513,54,5.400
interpreted,514,92,9.200
interpreted,515,54,5.400
interpreted,516,54,5.400
interpreted,517,69,6.900
interpreted,518,53,5.300
interpreted,519,55,5.500
interpreted,520,100,10.000
interpreted,521,57,5.700
interpreted,522,99,9.900
interpreted,523,55,5.500
interpreted,524,55,5.500
interpreted,525,95,9.500
interpreted,526,55,5.500
interpreted,527,54,5.400
interpreted,528,75,7.500
interpreted,529,54,5.400
interpreted,530,77,7.700
interpreted,531,55,5.500
interpreted,532,54,5.400
interpreted,533,74,7.400
interpreted,534,54,5.400
interpreted,535,53,5.300
interpreted,536,75,7.500
interpreted,537,55,5.500
interpreted,538,54,5.400
interpreted,539,71,7.100
interpreted,540,55,5.500
interpreted,541,78,7.800
interpreted,542,54,5.400
interpreted,543,55,5.500
interpreted,544,83,8.300
interpreted,545,56,5.600
interpreted,546,55,5.500
interpreted,547,75,7.500
interpreted,548,54,5.400
interpreted,549,74,7.400
interpreted,550,55,5.500
interpreted,551,54,5.400
interpreted,552,93,9.300
interpreted,553,54,5.400
interpreted,554,54,5.400
interpreted,555,75,7.500
interpreted,556,54,5.400
interpreted,557,92,9.200
interpreted,558,55,5.500
interpreted,559,53,5.300
interpreted,560,67,6.700
interpreted,561,55,5.500
interpreted,562,55,5.500
interpreted,563,81,8.100
interpreted,564,55,5.500
interpreted,565,85,8.500
interpreted,566,54,5.400
interpreted,567,54,5.400
interpreted,568,78,7.800
interpreted,569,54,5.400
interpreted,570,53,5.300
interpreted,571,74,7.400
interpreted,572,54,5.400
interpreted,573,53,5.300
interpreted,574,77,7.700
interpreted,575,56,5.600
interpreted,576,75,7.500
interpreted,577,55,5.500
interpreted,578,53,5.300
interpreted,579,76,7.600
interpreted,580,54,5.400
interpreted,581,55,5.500
interpreted,582,69,6.900
interpreted,583,55,5.500
interpreted,584,79,7.900
interpreted,585,55,5.500
interpreted,586,54,5.400
interpreted,587,99,9.900
interpreted,588,56,5.600
interpreted,589,54,5.400
interpreted,590,76,7.600
interpreted,591,55,5.500
interpreted,592,75,7.500
interpreted,593,53,5.300
interpreted,594,54,5.400
interpreted,595,90,9.000
interpreted,596,55,5.500
interpreted,597,54,5.400
interpreted,598,76,7.600
interpreted,599,55,5.500
interpreted,600,74,7.400
interpreted,601,56,5.600
interpreted,602,54,5.400
interpreted,603,71,7.100
interpreted,604,56,5.600
interpreted,605,54,5.400
interpreted,606,97,9.700
interpreted,607,56,5.600
interpreted,608,53,5.300
interpreted,609,83,8.300
interpreted,610,55,5.500
interpreted,611,77,7.700
interpreted,612,56,5.600
interpreted,613,55,5.500
interpreted,614,96,9.600
interpreted,615,54,5.400
interpreted,616,54,5.400
interpreted,617,128,12.800
interpreted,618,76,7.600
interpreted,619,76,7.600
interpreted,620,55,5.500
interpreted,621,56,5.600
interpreted,622,73,7.300
interpreted,623,56,5.600
interpreted,624,55,5.500
interpreted,625,68,6.800
interpreted,626,54,5.400
interpreted,627,81,8.100
interpreted,628,54,5.400
interpreted,629,53,5.300
interpreted,630,80,8.000
interpreted,631,55,5.500
interpreted,632,55,5.500
interpreted,633,76,7.600
interpreted,634,55,5.500
interpreted,635,78,7.800
interpreted,636,56,5.600
interpreted,637,54,5.400
interpreted,638,73,7.300
interpreted,639,54,5.400
interpreted,640,54,5.400
interpreted,641,75,7.500
interpreted,642,54,5.400
interpreted,643,53,5.300
interpreted,644,75,7.500
interpreted,645,55,5.500
interpreted,646,67,6.700
interpreted,647,55,5.500
interpreted,648,53,5.300
interpreted,649,78,7.800
interpreted,650,54,5.400
interpreted,651,53,5.300
interpreted,652,99,9.900
interpreted,653,56,5.600
interpreted,654,93,9.300
interpreted,655,56,5.600
interpreted,656,55,5.500
interpreted,657,75,7.500
interpreted,658,54,5.400
interpreted,659,54,5.400
interpreted,660,77,7.700
interpreted,661,55,5.500
interpreted,662,77,7.700
interpreted,663,55,5.500
interpreted,664,53,5.300
interpreted,665,77,7.700
interpreted,666,55,5.500
interpreted,667,55,5.500
interpreted,668,66,6.600
interpreted,669,54,5.400
interpreted,670,80,8.000
interpreted,671,55,5.500
interpreted,672,54,5.400
interpreted,673,82,8.200
interpreted,674,55,5.500
interpreted,675,54,5.400
interpreted,676,73,7.300
interpreted,677,55,5.500
interpreted,678,54,5.400
interpreted,679,75,7.500
interpreted,680,55,5.500
interpreted,681,75,7.500
interpreted,682,55,5.500
interpreted,683,55,5.500
interpreted,684,74,7.400
interpreted,685,54,5.400
interpreted,686,54,5.400
interpreted,687,97,9.700
interpreted,688,54,5.400
interpreted,689,68,6.800
interpreted,690,55,5.500
interpreted,691,54,5.400
interpreted,692,79,7.900
interpreted,693,55,5.500
interpreted,694,53,5.300
interpreted,695,102,10.200
interpreted,696,56,5.600
interpreted,697,75,7.500
interpreted,698,56,5.600
interpreted,699,54,5.400
interpreted,700,76,7.600
interpreted,701,56,5.600
interpreted,702,53,5.300
interpreted,703,73,7.300
interpreted,704,55,5.500
interpreted,705,54,5.400
interpreted,706,77,7.700
interpreted,707,54,5.400
interpreted,708,74,7.400
interpreted,709,54,5.400
interpreted,710,53,5.300
interpreted,711,68,6.800
interpreted,712,54,5.400
interpreted,713,54,5.400
interpreted,714,81,8.100
interpreted,715,54,5.400
interpreted,716,82,8.200
interpreted,717,54,5.400
interpreted,718,53,5.300
interpreted,719,74,7.400
interpreted,720,56,5.600
interpreted,721,53,5.300
interpreted,722,77,7.700
interpreted,723,55,5.500
interpreted,724,76,7.600
interpreted,725,55,5.500
interpreted,726,54,5.400
interpreted,727,75,7.500
interpreted,728,54,5.400
interpreted,729,53,5.300
interpreted,730,75,7.500
interpreted,731,54,5.400
interpreted,732,53,5.300
interpreted,733,71,7.100
interpreted,734,57,5.700
interpreted,735,83,8.300
interpreted,736,55,5.500
interpreted,737,53,5.300
interpreted,738,86,8.600
interpreted,739,55,5.500
interpreted,740,54,5.400
interpreted,741,93,9.300
interpreted,742,54,5.400
interpreted,743,76,7.600
interpreted,744,57,5.700
interpreted,745,55,5.500
interpreted,746,74,7.400
interpreted,747,54,5.400
interpreted,748,53,5.300
interpreted,749,74,7.400
interpreted,750,53,5.300
interpreted,751,92,9.200
interpreted,752,55,5.500
interpreted,753,53,5.300
interpreted,754,69,6.900
interpreted,755,54,5.400
interpreted,756,55,5.500
interpreted,757,81,8.100
interpreted,758,54,5.400
interpreted,759,101,10.100
interpreted,760,56,5.600
interpreted,761,55,5.500
interpreted,762,92,9.200
interpreted,763,53,5.300
interpreted,764,53,5.300
interpreted,765,78,7.800
interpreted,766,54,5.400
interpreted,767,53,5.300
interpreted,768,78,7.800
interpreted,769,55,5.500
interpreted,770,76,7.600
interpreted,771,56,5.600
interpreted,772,54,5.400
interpreted,773,123,12.300
interpreted,774,75,7.500
interpreted,775,56,5.600
interpreted,776,68,6.800
interpreted,777,55,5.500
interpreted,778,83,8.300
interpreted,779,56,5.600
interpreted,780,54,5.400
interpreted,781,82,8.200
interpreted,782,53,5.300
interpreted,783,54,5.400
interpreted,784,74,7.400
interpreted,785,54,5.400
interpreted,786,76,7.600
interpreted,787,54,5.400
interpreted,788,53,5.300
interpreted,789,95,9.500
interpreted,790,54,5.400
interpreted,791,54,5.400
interpreted,792,75,7.500
interpreted,793,56,5.600
interpreted,794,75,7.500
interpreted,795,56,5.600
interpreted,796,55,5.500
interpreted,797,69,6.900
interpreted,798,55,5.500
interpreted,799,55,5.500
interpreted,800,80,8.000
interpreted,801,54,5.400
interpreted,802,80,8.000
interpreted,803,56,5.600
interpreted,804,56,5.600
interpreted,805,77,7.700
interpreted,806,55,5.500
interpreted,807,54,5.400
interpreted,808,76,7.600
interpreted,809,55,5.500
interpreted,810,54,5.400
interpreted,811,74,7.400
interpreted,812,54,5.400
interpreted,813,73,7.300
interpreted,814,54,5.400
interpreted,815,54,5.400
interpreted,816,78,7.800
interpreted,817,55,5.500
interpreted,818,56,5.600
interpreted,819,69,6.900
interpreted,820,54,5.400
interpreted,821,81,8.100
interpreted,822,55,5.500
interpreted,823,55,5.500
interpreted,824,81,8.100
interpreted,825,55,5.500
interpreted,826,54,5.400
interpreted,827,75,7.500
interpreted,828,55,5.500
interpreted,829,77,7.700
interpreted,830,54,5.400
interpreted,831,59,5.900
interpreted,832,76,7.600
interpreted,833,54,5.400
interpreted,834,54,5.400
interpreted,835,75,7.500
interpreted,836,55,5.500
interpreted,837,55,5.500
interpreted,838,76,7.600
interpreted,839,55,5.500
interpreted,840,67,6.700
interpreted,841,56,5.600
interpreted,842,54,5.400
interpreted,843,79,7.900
interpreted,844,53,5.300
interpreted,845,53,5.300
interpreted,846,82,8.200
interpreted,847,55,5.500
interpreted,848,75,7.500
interpreted,849,55,5.500
interpreted,850,54,5.400
interpreted,851,76,7.600
interpreted,852,54,5.400
interpreted,853,55,5.500
interpreted,854,75,7.500
interpreted,855,54,5.400
interpreted,856,93,9.300
interpreted,857,56,5.600
interpreted,858,55,5.500
interpreted,859,74,7.400
interpreted,860,53,5.300
interpreted,861,55,5.500
interpreted,862,65,6.500
interpreted,863,55,5.500
interpreted,864,78,7.800
interpreted,865,53,5.300
interpreted,866,55,5.500
interpreted,867,81,8.100
interpreted,868,56,5.600
interpreted,869,54,5.400
interpreted,870,74,7.400
interpreted,871,56,5.600
interpreted,872,54,5.400
interpreted,873,77,7.700
interpreted,874,55,5.500
interpreted,875,94,9.400
interpreted,876,55,5.500
interpreted,877,55,5.500
interpreted,878,77,7.700
interpreted,879,54,5.400
interpreted,880,54,5.400
interpreted,881,77,7.700
interpreted,882,55,5.500
interpreted,883,68,6.800
interpreted,884,55,5.500
interpreted,885,53,5.300
interpreted,886,79,7.900
interpreted,887,55,5.500
interpreted,888,55,5.500
interpreted,889,84,8.400
interpreted,890,56,5.600
interpreted,891,74,7.400
interpreted,892,56,5.600
interpreted,893,53,5.300
interpreted,894,76,7.600
interpreted,895,54,5.400
interpreted,896,53,5.300
interpreted,897,73,7.300
interpreted,898,55,5.500
interpreted,899,53,5.300
interpreted,900,75,7.500
interpreted,901,55,5.500
interpreted,902,73,7.300
interpreted,903,54,5.400
interpreted,904,55,5.500
interpreted,905,69,6.900
interpreted,906,56,5.600
interpreted,907,56,5.600
interpreted,908,84,8.400
interpreted,909,54,5.400
interpreted,910,81,8.100
interpreted,911,54,5.400
interpreted,912,53,5.300
interpreted,913,74,7.400
interpreted,914,53,5.300
interpreted,915,55,5.500
interpreted,916,92,9.200
interpreted,917,55,5.500
interpreted,918,76,7.600
interpreted,919,55,5.500
interpreted,920,54,5.400
interpreted,921,77,7.700
interpreted,922,55,5.500
interpreted,923,54,5.400
interpreted,924,77,7.700
interpreted,925,55,5.500
interpreted,926,69,6.900
interpreted,927,56,5.600
interpreted,928,54,5.400
interpreted,929,96,9.600
interpreted,930,105,10.500
interpreted,931,74,7.400
interpreted,932,84,8.400
interpreted,933,56,5.600
interpreted,934,54,5.400
interpreted,935,76,7.600
interpreted,936,55,5.500
interpreted,937,76,7.600
interpreted,938,54,5.400
interpreted,939,53,5.300
interpreted,940,77,7.700
interpreted,941,56,5.600
interpreted,942,55,5.500
interpreted,943,96,9.600
interpreted,944,54,5.400
interpreted,945,91,9.100
interpreted,946,55,5.500
interpreted,947,56,5.600
interpreted,948,68,6.800
interpreted,949,56,5.600
interpreted,950,56,5.600
interpreted,951,82,8.200
interpreted,952,55,5.500
interpreted,953,84,8.400
interpreted,954,56,5.600
interpreted,955,54,5.400
interpreted,956,76,7.600
interpreted,957,55,5.500
interpreted,958,55,5.500
interpreted,959,78,7.800
interpreted,960,54,5.400
interpreted,961,75,7.500
interpreted,962,56,5.600
interpreted,963,54,5.400
interpreted,964,95,9.500
interpreted,965,56,5.600
interpreted,966,54,5.400
interpreted,967,77,7.700
interpreted,968,55,5.500
interpreted,969,54,5.400
interpreted,970,67,6.700
interpreted,971,56,5.600
interpreted,972,98,9.800
interpreted,973,53,5.300
interpreted,974,55,5.500
interpreted,975,82,8.200
interpreted,976,54,5.400
interpreted,977,53,5.300
interpreted,978,77,7.700
interpreted,979,55,5.500
interpreted,980,99,9.900
interpreted,981,55,5.500
interpreted,982,55,5.500
interpreted,983,76,7.600
interpreted,984,56,5.600
interpreted,985,55,5.500
interpreted,986,78,7.800
interpreted,987,56,5.600
interpreted,988,77,7.700
interpreted,989,55,5.500
interpreted,990,55,5.500
interpreted,991,87,8.700
interpreted,992,55,5.500
interpreted,993,55,5.500
interpreted,994,80,8.000
interpreted,995,55,5.500
interpreted,996,80,8.000
interpreted,997,55,5.500
interpreted,998,55,5.500
interpreted,999,75,7.500
